○ 3_4 시군구별 표시과목별 의원현황 [개소],,,,,,,,,,,,,,,,,,,,,,,
시군구명칭,표시과목,항목,단위,2013. 4/4,2013. 3/4,2013. 2/4,2013. 1/4,2012. 4/4,2012. 3/4,2012. 2/4,2012. 1/4,2011. 4/4,2011. 3/4,2011. 2/4,2011. 1/4,2010. 4/4,2010. 3/4,2010. 2/4,2010. 1/4,2009. 4/4,2009. 3/4,2009. 2/4,2009. 1/4
강남구,계,기관수,개소,1343,1344,1349,1322,1301,1299,1295,1277,1271,1253,1303,1286,1247,1233,1214,1176,1155,1135,1121,1097
강남구,내과,기관수,개소,79,78,78,78,77,74,74,74,73,73,76,77,74,74,73,72,71,71,72,71
강남구,신경과,기관수,개소,6,6,6,6,6,6,7,5,5,5,5,5,5,5,5,5,5,5,6,6
강남구,정신건강의학과,기관수,개소,40,41,41,40,39,40,39,37,37,37,39,39,38,38,39,41,40,42,42,40
강남구,외과,기관수,개소,25,25,24,26,26,26,24,24,25,27,25,25,24,25,22,21,20,19,18,18
강남구,정형외과,기관수,개소,28,28,28,28,28,28,28,27,27,26,26,26,25,25,25,25,26,25,26,26
강남구,신경외과,기관수,개소,3,3,3,3,3,3,3,3,4,4,3,3,3,3,2,2,2,2,2,2
강남구,흉부외과,기관수,개소,3,3,3,3,3,3,3,3,3,3,3,4,3,3,3,3,3,3,3,3
강남구,성형외과,기관수,개소,319,315,313,309,298,298,292,288,287,284,295,290,280,274,272,262,260,251,241,238
강남구,마취통증의학과,기관수,개소,11,12,12,13,12,11,11,10,10,11,11,11,11,11,10,10,11,11,10,10
강남구,산부인과,기관수,개소,46,48,48,49,50,49,50,51,49,49,51,50,49,49,50,50,50,49,49,50
강남구,소아청소년과,기관수,개소,28,29,28,27,27,28,28,30,29,29,30,30,29,29,28,28,28,28,28,28
강남구,안과,기관수,개소,68,67,67,66,67,68,67,67,68,66,66,66,64,64,63,62,61,61,62,62
강남구,이비인후과,기관수,개소,51,50,48,47,47,46,46,47,48,49,49,48,48,48,46,44,45,45,43,42
강남구,피부과,기관수,개소,119,120,123,122,126,125,124,123,123,118,116,116,112,112,112,111,107,108,108,105
강남구,비뇨기과,기관수,개소,35,37,38,38,35,35,35,35,39,39,39,39,38,37,38,39,39,40,40,39
강남구,영상의학과,기관수,개소,11,11,12,12,12,11,11,11,12,12,12,12,13,13,11,12,11,12,12,12
강남구,병리과,기관수,개소,3,4,4,4,4,4,4,4,4,3,3,3,4,5,5,4,3,3,3,3
강남구,진단검사의학과,기관수,개소,1,1,1,1,1,1,1,1,1,1,1,1,1,1,1,1,1,1,1,1
강남구,결핵과,기관수,개소,0,0,0,0,0,0,0,0,0,0,0,0,0,0,0,0,0,0,0,0
강남구,재활의학과,기관수,개소,8,8,8,8,8,8,10,10,10,8,8,8,8,8,10,10,11,10,10,8
강남구,핵의학과,기관수,개소,0,0,0,0,0,0,0,0,0,0,0,0,0,0,0,0,0,0,0,0
강남구,가정의학과,기관수,개소,7,7,7,8,8,8,8,8,9,10,11,12,11,10,10,9,8,8,8,8
강남구,예방의학과,기관수,개소,0,0,0,0,,,,,,,,,,,,,,,,
강남구,전문과목미표시전문의,기관수,개소,316,321,330,307,304,305,305,295,285,285,305,294,284,280,275,254,243,244,239,230
강남구,일반의,기관수,개소,136,130,127,127,120,122,125,124,123,114,129,127,123,119,114,111,110,97,98,95
강동구,계,기관수,개소,337,333,331,325,325,325,323,326,328,328,328,324,324,326,322,317,314,316,310,307
강동구,내과,기관수,개소,60,59,58,57,57,57,56,57,57,58,58,57,58,58,58,59,60,60,56,55
강동구,신경과,기관수,개소,5,5,5,5,5,5,5,5,5,5,5,5,5,5,4,4,3,3,3,3
강동구,정신건강의학과,기관수,개소,12,11,12,11,11,11,10,10,10,10,10,10,9,10,10,10,10,11,11,11
강동구,외과,기관수,개소,8,8,8,8,8,8,8,8,8,8,8,8,9,9,10,10,10,10,10,11
강동구,정형외과,기관수,개소,28,28,28,27,27,27,26,27,27,27,28,27,27,27,27,27,28,29,29,29
강동구,신경외과,기관수,개소,4,4,4,4,4,4,4,4,4,5,5,5,5,5,5,5,5,6,6,6
강동구,흉부외과,기관수,개소,0,0,0,0,0,0,0,1,1,1,0,0,0,0,0,0,0,0,0,0
강동구,성형외과,기관수,개소,4,4,4,4,4,4,4,4,4,4,4,4,4,4,4,4,4,4,4,4
강동구,마취통증의학과,기관수,개소,11,10,10,8,8,8,8,8,8,6,6,6,6,5,5,4,4,4,3,3
강동구,산부인과,기관수,개소,20,20,20,20,20,21,21,21,21,21,20,20,20,20,20,21,22,22,22,22
강동구,소아청소년과,기관수,개소,28,27,26,25,25,25,26,27,27,27,25,25,24,25,24,24,24,24,25,24
강동구,안과,기관수,개소,18,18,18,18,18,18,18,18,19,19,19,19,19,19,20,19,19,19,20,20
강동구,이비인후과,기관수,개소,27,28,28,28,28,28,27,26,26,26,27,27,27,27,27,26,25,25,24,24
강동구,피부과,기관수,개소,18,18,18,18,18,18,18,18,18,18,18,18,18,18,17,17,15,15,15,15
강동구,비뇨기과,기관수,개소,10,11,11,11,10,11,11,11,11,11,11,10,10,10,10,10,10,10,8,8
강동구,영상의학과,기관수,개소,1,1,1,1,1,1,1,2,2,2,2,2,2,2,2,2,2,2,2,2
강동구,병리과,기관수,개소,0,0,0,0,0,0,0,0,0,0,0,0,0,0,0,0,0,0,0,0
강동구,진단검사의학과,기관수,개소,0,0,0,0,0,0,0,0,0,0,0,0,0,0,0,0,0,0,0,0
강동구,결핵과,기관수,개소,0,0,0,0,0,0,0,0,0,0,0,0,0,0,0,0,0,0,0,0
강동구,재활의학과,기관수,개소,5,5,5,5,7,7,7,7,7,7,7,7,7,7,7,7,7,7,7,7
강동구,핵의학과,기관수,개소,0,0,0,0,0,0,0,0,0,0,0,0,0,0,0,0,0,0,0,0
강동구,가정의학과,기관수,개소,5,5,5,5,5,5,5,5,5,5,5,5,5,5,5,4,4,4,5,5
강동구,예방의학과,기관수,개소,0,0,0,0,,,,,,,,,,,,,,,,
강동구,전문과목미표시전문의,기관수,개소,50,48,47,48,46,46,47,47,47,49,51,50,52,53,50,47,45,43,41,39
강동구,일반의,기관수,개소,23,23,23,22,23,21,21,20,21,19,19,19,17,17,17,17,17,18,19,19
강서구,계,기관수,개소,313,313,317,312,312,314,315,314,310,308,313,312,313,317,316,312,308,306,300,297
강서구,내과,기관수,개소,50,49,49,49,49,49,48,49,48,48,48,48,48,48,48,47,46,46,47,47
강서구,신경과,기관수,개소,1,1,1,1,1,1,1,1,1,1,1,1,1,1,1,1,0,0,0,0
강서구,정신건강의학과,기관수,개소,7,8,8,8,8,8,8,8,8,8,8,8,8,8,7,7,7,7,7,7
강서구,외과,기관수,개소,6,6,7,7,7,7,7,7,7,7,7,7,7,8,9,7,7,7,6,6
강서구,정형외과,기관수,개소,26,26,27,27,27,27,28,28,28,27,29,28,28,28,28,28,28,28,27,27
강서구,신경외과,기관수,개소,3,3,3,3,3,3,3,3,4,4,4,4,4,5,5,5,5,5,5,5
강서구,흉부외과,기관수,개소,0,0,0,0,0,0,0,0,0,0,0,0,0,0,0,0,0,0,0,0
강서구,성형외과,기관수,개소,1,1,2,3,3,3,2,2,2,3,4,3,3,4,4,4,3,3,3,3
강서구,마취통증의학과,기관수,개소,10,9,10,10,10,10,10,10,10,10,9,8,8,8,7,7,7,7,6,5
강서구,산부인과,기관수,개소,14,14,14,14,15,16,17,17,17,17,17,17,18,18,18,17,17,17,17,16
강서구,소아청소년과,기관수,개소,25,25,24,24,24,24,24,24,24,24,25,26,27,27,26,27,28,27,27,25
강서구,안과,기관수,개소,15,15,15,15,15,16,16,16,16,16,16,16,16,16,16,15,15,15,15,15
강서구,이비인후과,기관수,개소,28,28,29,29,30,30,30,30,29,29,30,30,30,30,30,31,29,28,28,27
강서구,피부과,기관수,개소,15,15,15,15,15,16,16,15,15,15,15,15,14,14,14,14,14,14,14,15
강서구,비뇨기과,기관수,개소,11,11,11,11,11,11,11,11,11,11,11,11,11,11,12,11,11,11,11,11
강서구,영상의학과,기관수,개소,2,2,2,2,2,2,2,2,2,2,2,2,2,2,2,2,2,2,2,2
강서구,병리과,기관수,개소,0,0,0,0,0,0,0,0,0,0,0,0,0,0,0,0,0,0,0,0
강서구,진단검사의학과,기관수,개소,0,0,0,0,0,0,0,0,0,0,0,0,0,0,0,0,0,0,0,0
강서구,결핵과,기관수,개소,0,0,0,0,0,0,0,0,0,0,0,0,0,0,0,0,0,0,0,0
강서구,재활의학과,기관수,개소,5,5,5,4,4,4,4,4,3,3,3,3,3,3,3,3,3,3,3,3
강서구,핵의학과,기관수,개소,0,0,0,0,0,0,0,0,0,0,0,0,0,0,0,0,0,0,0,0
강서구,가정의학과,기관수,개소,19,19,18,17,17,17,17,16,17,17,17,17,17,17,18,18,18,18,17,17
강서구,예방의학과,기관수,개소,0,0,0,0,,,,,,,,,,,,,,,,
강서구,전문과목미표시전문의,기관수,개소,50,53,53,51,50,50,50,48,47,47,48,47,47,47,46,46,46,45,43,45
강서구,일반의,기관수,개소,25,23,24,22,21,20,21,23,21,19,19,21,21,22,22,22,22,23,22,21
관악구,계,기관수,개소,301,304,306,304,306,306,307,310,313,311,312,308,312,314,316,312,305,305,302,304
관악구,내과,기관수,개소,49,49,49,48,48,48,48,48,48,48,47,47,47,46,47,47,46,46,45,46
관악구,신경과,기관수,개소,2,2,2,2,2,2,2,2,2,2,2,2,2,2,2,2,1,1,1,1
관악구,정신건강의학과,기관수,개소,9,9,9,9,9,9,9,8,8,8,8,8,9,9,9,9,9,8,8,8
관악구,외과,기관수,개소,7,7,9,9,9,9,9,9,9,9,10,10,10,9,8,8,8,8,8,9
관악구,정형외과,기관수,개소,26,25,27,26,26,27,27,29,30,30,30,28,29,28,27,27,26,26,26,26
관악구,신경외과,기관수,개소,3,3,3,3,3,3,3,3,3,3,3,3,3,2,2,2,2,2,2,2
관악구,흉부외과,기관수,개소,0,0,0,0,0,0,0,1,1,0,0,0,0,0,0,0,0,0,0,0
관악구,성형외과,기관수,개소,2,2,2,2,2,2,2,2,2,2,2,2,2,2,2,2,2,2,2,1
관악구,마취통증의학과,기관수,개소,7,7,7,7,7,7,7,6,6,6,6,5,5,5,5,5,5,5,5,5
관악구,산부인과,기관수,개소,20,21,21,21,21,22,22,22,22,22,22,24,24,24,26,26,26,26,26,26
관악구,소아청소년과,기관수,개소,25,25,25,25,25,25,26,26,26,26,26,25,25,28,27,27,27,27,28,28
관악구,안과,기관수,개소,15,15,15,14,14,14,14,14,14,14,15,15,15,15,15,14,14,14,15,15
관악구,이비인후과,기관수,개소,22,22,21,22,22,22,22,22,22,22,22,21,20,23,23,22,21,21,20,23
관악구,피부과,기관수,개소,11,11,11,11,12,12,12,12,12,12,11,12,12,12,12,12,11,11,11,9
관악구,비뇨기과,기관수,개소,8,8,8,8,9,9,9,10,10,10,10,9,9,9,9,9,9,10,10,11
관악구,영상의학과,기관수,개소,3,3,3,3,3,3,3,3,2,2,2,2,2,2,3,3,3,3,3,3
관악구,병리과,기관수,개소,0,0,0,0,0,0,0,0,0,0,0,0,0,0,0,0,0,0,0,0
관악구,진단검사의학과,기관수,개소,0,0,0,0,0,0,0,0,0,0,0,0,0,0,0,0,0,0,0,0
관악구,결핵과,기관수,개소,0,0,0,0,0,0,0,0,0,0,0,0,0,0,0,0,0,0,0,0
관악구,재활의학과,기관수,개소,4,4,4,4,4,4,4,4,5,5,5,5,5,5,5,5,5,5,4,4
관악구,핵의학과,기관수,개소,0,0,0,0,0,0,0,0,0,0,0,0,0,0,0,0,0,0,0,0
관악구,가정의학과,기관수,개소,6,6,6,6,6,6,6,6,6,6,6,6,6,6,6,7,7,7,7,7
관악구,예방의학과,기관수,개소,0,0,0,0,,,,,,,,,,,,,,,,
관악구,전문과목미표시전문의,기관수,개소,53,55,55,57,56,56,58,59,59,60,60,60,61,61,63,60,59,58,57,55
관악구,일반의,기관수,개소,29,30,29,27,28,26,24,24,26,24,25,24,26,26,25,25,24,25,24,25
구로구,계,기관수,개소,237,237,237,232,229,226,226,227,226,225,230,231,230,234,234,232,232,230,228,225
구로구,내과,기관수,개소,31,31,31,30,30,28,28,27,25,27,28,28,28,27,27,25,24,24,23,23
구로구,신경과,기관수,개소,0,0,0,0,0,0,0,0,0,0,0,0,0,0,0,0,0,0,0,0
구로구,정신건강의학과,기관수,개소,3,3,3,3,3,3,3,3,3,3,3,3,3,3,3,3,3,3,3,3
구로구,외과,기관수,개소,3,3,3,4,4,4,4,4,4,4,5,5,5,5,5,5,5,5,5,6
구로구,정형외과,기관수,개소,17,17,16,16,16,16,16,16,16,16,16,16,16,16,16,16,16,16,16,16
구로구,신경외과,기관수,개소,1,1,1,1,1,1,1,1,1,1,1,1,1,1,1,1,1,1,1,1
구로구,흉부외과,기관수,개소,1,1,1,1,1,1,1,1,1,1,1,1,1,1,1,1,1,1,1,1
구로구,성형외과,기관수,개소,2,2,2,2,2,2,2,1,1,1,0,1,1,1,2,2,2,1,1,1
구로구,마취통증의학과,기관수,개소,3,3,2,2,2,2,2,3,3,3,3,3,3,3,3,3,3,2,2,2
구로구,산부인과,기관수,개소,16,16,15,16,16,16,17,18,18,18,18,19,19,19,19,19,18,18,19,19
구로구,소아청소년과,기관수,개소,23,23,25,25,25,24,23,23,23,23,23,23,23,23,23,23,23,23,23,21
구로구,안과,기관수,개소,14,14,14,13,13,13,13,13,13,13,14,14,14,15,15,14,14,14,14,14
구로구,이비인후과,기관수,개소,24,24,25,24,23,23,23,23,23,23,23,21,19,19,19,20,20,20,20,20
구로구,피부과,기관수,개소,11,11,10,8,8,8,8,8,7,6,6,6,7,8,7,7,7,7,8,7
구로구,비뇨기과,기관수,개소,6,6,6,6,7,7,7,7,7,7,7,7,6,6,6,6,6,6,6,5
구로구,영상의학과,기관수,개소,1,1,1,1,1,1,1,1,1,1,1,1,1,1,1,1,1,1,1,1
구로구,병리과,기관수,개소,1,1,1,0,0,0,0,0,0,0,0,0,0,0,0,0,0,0,0,0
구로구,진단검사의학과,기관수,개소,0,0,0,0,0,0,0,0,0,0,0,0,0,0,0,0,0,0,0,0
구로구,결핵과,기관수,개소,0,0,0,0,0,0,0,0,0,0,0,0,0,0,0,0,0,0,0,0
구로구,재활의학과,기관수,개소,3,3,3,3,3,3,3,3,3,3,4,4,4,4,4,4,4,4,4,4
구로구,핵의학과,기관수,개소,0,0,0,0,0,0,0,0,0,0,0,0,0,0,0,0,0,0,0,0
구로구,가정의학과,기관수,개소,13,13,13,13,11,11,10,10,10,10,10,10,11,11,11,10,10,10,10,11
구로구,예방의학과,기관수,개소,0,0,0,0,,,,,,,,,,,,,,,,
구로구,전문과목미표시전문의,기관수,개소,46,46,46,44,43,43,43,42,44,44,45,46,45,47,47,47,47,49,47,45
구로구,일반의,기관수,개소,18,18,19,20,20,20,21,23,23,21,22,22,23,24,24,25,27,25,24,25
도봉구,계,기관수,개소,148,149,146,146,147,147,145,148,148,146,148,150,153,154,154,155,153,153,155,155
도봉구,내과,기관수,개소,26,25,25,25,26,26,25,24,24,24,24,23,24,23,23,24,24,24,24,23
도봉구,신경과,기관수,개소,0,0,0,0,0,0,0,0,0,0,0,0,0,0,0,0,0,0,0,0
도봉구,정신건강의학과,기관수,개소,3,3,3,3,3,3,3,3,3,3,3,3,3,3,3,3,3,3,3,3
도봉구,외과,기관수,개소,8,8,8,8,8,8,8,8,8,7,7,7,7,7,7,6,6,6,6,6
도봉구,정형외과,기관수,개소,8,8,8,8,8,8,8,8,8,9,9,9,9,8,9,9,9,9,10,10
도봉구,신경외과,기관수,개소,1,1,1,1,1,1,1,1,1,1,1,1,1,1,1,1,1,1,1,1
도봉구,흉부외과,기관수,개소,0,0,0,0,0,0,0,0,0,0,0,0,0,0,0,0,0,0,0,0
도봉구,성형외과,기관수,개소,0,0,0,0,0,0,0,0,0,0,0,0,0,0,0,0,0,0,0,0
도봉구,마취통증의학과,기관수,개소,5,5,4,3,3,3,3,3,3,3,3,3,3,3,3,3,2,2,2,2
도봉구,산부인과,기관수,개소,8,8,8,8,8,8,8,8,8,8,8,8,8,7,7,7,7,8,8,8
도봉구,소아청소년과,기관수,개소,16,16,15,15,15,17,18,18,18,18,18,19,20,20,20,20,20,20,20,21
도봉구,안과,기관수,개소,10,10,10,10,10,10,10,10,10,10,10,10,10,10,10,10,10,10,10,10
도봉구,이비인후과,기관수,개소,15,16,16,16,16,15,15,15,15,14,15,16,16,16,16,16,16,16,16,16
도봉구,피부과,기관수,개소,6,6,6,6,6,6,6,6,6,6,6,6,6,6,6,6,6,6,6,6
도봉구,비뇨기과,기관수,개소,2,2,2,2,2,2,2,3,3,3,3,3,3,3,3,3,3,3,3,3
도봉구,영상의학과,기관수,개소,0,0,0,0,0,0,0,0,0,0,0,0,0,0,0,1,1,1,1,1
도봉구,병리과,기관수,개소,0,0,0,0,0,0,0,0,0,0,0,0,0,0,0,0,0,0,0,0
도봉구,진단검사의학과,기관수,개소,0,0,0,0,0,0,0,0,0,0,0,0,0,0,0,0,0,0,0,0
도봉구,결핵과,기관수,개소,0,0,0,0,0,0,0,0,0,0,0,0,0,0,0,0,0,0,0,0
도봉구,재활의학과,기관수,개소,2,2,2,2,2,2,2,2,2,2,2,2,2,2,2,2,3,3,3,3
도봉구,핵의학과,기관수,개소,0,0,0,0,0,0,0,0,0,0,0,0,0,0,0,0,0,0,0,0
도봉구,가정의학과,기관수,개소,2,2,2,2,2,2,2,2,2,2,2,2,3,3,3,3,3,3,3,2
도봉구,예방의학과,기관수,개소,0,0,0,0,,,,,,,,,,,,,,,,
도봉구,전문과목미표시전문의,기관수,개소,22,23,22,22,22,21,21,25,25,26,27,27,27,28,28,28,26,25,26,28
도봉구,일반의,기관수,개소,14,14,14,15,15,15,13,12,12,10,10,11,11,14,13,13,13,13,13,12
동대문구,계,기관수,개소,235,234,233,231,235,242,242,245,246,247,245,246,246,246,242,242,244,242,237,240
동대문구,내과,기관수,개소,39,39,39,40,42,42,42,41,41,41,41,41,41,39,39,39,40,39,39,38
동대문구,신경과,기관수,개소,2,2,2,2,2,2,2,2,2,2,2,2,2,2,2,2,2,2,2,2
동대문구,정신건강의학과,기관수,개소,8,8,8,7,8,8,8,8,8,8,8,7,7,7,7,7,7,7,7,7
동대문구,외과,기관수,개소,8,8,8,9,9,9,9,9,9,9,9,9,7,7,7,7,7,7,7,7
동대문구,정형외과,기관수,개소,19,18,18,19,20,20,20,20,20,20,20,20,20,20,19,19,19,19,18,18
동대문구,신경외과,기관수,개소,0,0,0,0,0,0,0,1,1,1,1,1,1,1,1,1,1,1,1,1
동대문구,흉부외과,기관수,개소,0,0,0,0,0,0,0,0,0,0,0,0,0,0,0,0,0,0,0,0
동대문구,성형외과,기관수,개소,4,3,3,3,3,4,4,4,4,4,3,3,3,3,3,3,3,3,2,2
동대문구,마취통증의학과,기관수,개소,6,6,6,6,8,8,8,8,8,8,8,8,8,8,8,8,7,7,7,7
동대문구,산부인과,기관수,개소,15,15,15,15,16,16,17,18,19,21,21,21,22,22,22,22,22,21,21,21
동대문구,소아청소년과,기관수,개소,16,16,16,15,15,15,14,15,15,15,14,14,15,15,14,14,14,14,13,14
동대문구,안과,기관수,개소,13,13,12,12,12,12,11,11,11,11,12,13,13,13,13,13,13,12,11,11
동대문구,이비인후과,기관수,개소,22,22,23,22,21,21,21,21,21,21,20,20,20,20,19,19,19,19,19,19
동대문구,피부과,기관수,개소,6,6,6,6,6,6,6,5,5,5,5,5,5,5,5,5,5,4,4,3
동대문구,비뇨기과,기관수,개소,12,12,12,12,12,13,13,13,13,14,14,14,15,15,15,14,14,14,14,14
동대문구,영상의학과,기관수,개소,2,2,2,2,2,2,2,2,2,2,2,2,2,2,2,2,2,2,2,3
동대문구,병리과,기관수,개소,1,1,1,1,1,1,1,1,1,1,1,1,1,1,1,1,1,1,1,1
동대문구,진단검사의학과,기관수,개소,0,0,0,0,0,0,0,0,0,0,0,0,0,0,0,0,0,0,0,0
동대문구,결핵과,기관수,개소,0,0,0,0,0,0,0,0,0,0,0,0,0,0,0,0,0,0,0,0
동대문구,재활의학과,기관수,개소,6,6,6,6,6,6,6,6,6,6,6,6,6,6,6,6,6,6,6,6
동대문구,핵의학과,기관수,개소,0,0,0,0,0,0,0,0,0,0,0,0,0,0,0,0,0,0,0,0
동대문구,가정의학과,기관수,개소,5,5,5,5,6,6,6,6,6,6,6,6,6,6,6,6,6,6,6,6
동대문구,예방의학과,기관수,개소,0,0,0,0,,,,,,,,,,,,,,,,
동대문구,전문과목미표시전문의,기관수,개소,32,33,32,31,29,33,33,34,34,31,32,33,31,34,33,33,32,34,32,33
동대문구,일반의,기관수,개소,19,19,19,18,17,18,19,20,20,21,20,20,21,20,20,21,24,24,25,27
동작구,계,기관수,개소,238,240,239,239,239,241,241,244,243,241,240,242,237,238,239,241,241,238,234,234
동작구,내과,기관수,개소,38,38,38,38,38,38,39,38,38,38,37,36,35,35,35,35,35,33,33,33
동작구,신경과,기관수,개소,0,0,0,0,0,0,0,0,0,0,0,0,0,0,0,0,0,0,0,0
동작구,정신건강의학과,기관수,개소,7,7,7,7,7,7,7,7,7,7,7,8,8,8,8,8,8,8,8,8
동작구,외과,기관수,개소,5,5,5,5,5,5,5,5,5,5,5,5,5,5,5,5,5,5,5,5
동작구,정형외과,기관수,개소,16,16,17,17,17,17,17,18,18,18,18,18,18,18,18,18,18,17,17,17
동작구,신경외과,기관수,개소,0,0,0,0,0,0,0,0,0,0,0,0,1,1,1,1,1,1,1,1
동작구,흉부외과,기관수,개소,0,0,0,0,0,0,0,0,0,0,0,0,0,0,0,0,0,0,0,0
동작구,성형외과,기관수,개소,4,4,4,4,4,4,4,5,5,5,5,5,5,5,5,5,5,5,5,5
동작구,마취통증의학과,기관수,개소,7,8,8,8,7,7,8,8,9,9,9,9,8,8,8,8,8,8,7,7
동작구,산부인과,기관수,개소,10,10,10,10,9,9,9,9,9,9,9,11,10,10,10,10,10,11,11,13
동작구,소아청소년과,기관수,개소,20,20,20,20,20,19,18,18,18,18,18,18,18,19,19,19,19,19,19,19
동작구,안과,기관수,개소,15,16,16,16,16,16,16,16,16,15,14,14,14,14,15,15,14,14,13,13
동작구,이비인후과,기관수,개소,23,22,21,21,21,21,21,21,20,21,21,21,19,19,19,20,20,20,20,20
동작구,피부과,기관수,개소,10,10,10,10,10,10,10,10,10,10,10,10,10,10,10,10,9,9,9,9
동작구,비뇨기과,기관수,개소,5,5,5,5,5,6,6,6,6,6,7,7,7,7,8,8,8,8,8,9
동작구,영상의학과,기관수,개소,2,2,2,2,2,2,2,2,2,2,2,2,2,2,2,2,2,2,2,2
동작구,병리과,기관수,개소,0,0,0,0,0,0,0,0,0,0,0,0,0,0,0,0,0,0,0,0
동작구,진단검사의학과,기관수,개소,0,0,0,0,0,0,0,0,0,0,0,0,0,0,0,0,0,0,0,0
동작구,결핵과,기관수,개소,0,0,0,0,0,0,0,0,0,0,0,0,0,0,0,0,0,0,0,0
동작구,재활의학과,기관수,개소,6,6,6,6,6,6,6,7,6,6,6,6,6,6,6,6,6,6,6,6
동작구,핵의학과,기관수,개소,0,0,0,0,0,0,0,0,0,0,0,0,0,0,0,0,0,0,0,0
동작구,가정의학과,기관수,개소,8,9,9,8,7,8,7,7,7,8,8,8,8,8,8,8,8,8,8,8
동작구,예방의학과,기관수,개소,0,0,0,0,,,,,,,,,,,,,,,,
동작구,전문과목미표시전문의,기관수,개소,51,51,51,52,54,55,54,54,55,54,54,52,51,50,49,49,51,50,48,46
동작구,일반의,기관수,개소,11,11,10,10,11,11,12,13,12,10,10,12,12,13,13,14,14,14,14,13
마포구,계,기관수,개소,303,302,299,297,294,291,292,292,290,288,291,288,281,277,274,281,282,281,278,275
마포구,내과,기관수,개소,39,39,39,38,37,36,36,37,37,37,38,39,39,38,36,36,37,38,38,38
마포구,신경과,기관수,개소,0,0,0,0,0,0,0,0,0,0,0,0,0,0,0,0,0,0,0,0
마포구,정신건강의학과,기관수,개소,16,14,14,14,14,14,14,14,14,14,14,14,14,14,13,14,14,15,15,13
마포구,외과,기관수,개소,9,9,8,8,7,8,8,8,8,8,8,9,9,9,9,9,10,10,10,10
마포구,정형외과,기관수,개소,19,19,19,18,18,17,18,18,18,17,17,17,17,16,16,16,16,15,15,15
마포구,신경외과,기관수,개소,4,3,3,3,4,4,4,4,4,3,3,3,3,3,3,3,3,2,2,2
마포구,흉부외과,기관수,개소,0,0,0,0,0,0,0,0,0,0,0,0,0,0,0,0,0,0,0,0
마포구,성형외과,기관수,개소,9,9,9,9,9,8,8,8,9,9,9,9,9,9,10,9,8,8,8,8
마포구,마취통증의학과,기관수,개소,7,8,7,7,6,6,6,6,6,5,4,4,3,3,3,3,4,4,3,3
마포구,산부인과,기관수,개소,22,23,22,22,22,22,22,22,22,22,22,21,22,21,21,21,22,21,21,21
마포구,소아청소년과,기관수,개소,22,22,22,22,21,21,22,23,23,23,23,23,20,21,20,21,21,20,20,20
마포구,안과,기관수,개소,14,14,14,14,14,14,14,14,14,13,12,12,12,12,11,11,11,11,11,11
마포구,이비인후과,기관수,개소,25,26,26,26,26,26,26,26,25,24,23,22,22,21,21,21,21,22,21,21
마포구,피부과,기관수,개소,15,15,15,15,15,15,15,15,14,15,15,15,12,12,12,12,12,12,12,12
마포구,비뇨기과,기관수,개소,11,10,10,10,10,10,10,10,11,10,9,9,11,9,8,8,8,8,8,8
마포구,영상의학과,기관수,개소,3,2,3,3,3,3,3,3,3,3,3,3,3,3,3,4,4,4,4,4
마포구,병리과,기관수,개소,0,0,0,0,0,0,0,0,0,0,0,0,0,0,0,0,0,0,0,0
마포구,진단검사의학과,기관수,개소,0,0,0,0,0,0,0,0,0,0,0,0,0,0,0,0,0,0,0,0
마포구,결핵과,기관수,개소,0,0,0,0,0,0,0,0,0,0,0,0,0,0,0,0,0,0,0,0
마포구,재활의학과,기관수,개소,3,3,3,3,3,3,3,3,3,3,3,3,3,3,3,3,3,3,3,3
마포구,핵의학과,기관수,개소,0,0,0,0,0,0,0,0,0,0,0,0,0,0,0,0,0,0,0,0
마포구,가정의학과,기관수,개소,11,11,11,12,11,11,11,12,12,12,12,12,12,12,12,12,12,12,12,12
마포구,예방의학과,기관수,개소,0,0,1,1,,,,,,,,,,,,,,,,
마포구,전문과목미표시전문의,기관수,개소,45,46,46,45,47,47,46,45,45,49,54,53,50,49,51,55,54,54,53,52
마포구,일반의,기관수,개소,29,29,27,27,27,26,26,24,22,21,22,20,20,22,22,23,22,22,22,22
서대문구,계,기관수,개소,191,191,185,186,187,188,186,187,188,190,186,187,190,188,193,191,191,198,196,200
서대문구,내과,기관수,개소,29,29,28,28,27,26,25,25,25,25,25,27,27,27,28,28,29,29,29,28
서대문구,신경과,기관수,개소,1,1,1,1,0,0,0,0,0,0,0,0,0,0,0,0,0,0,0,0
서대문구,정신건강의학과,기관수,개소,5,5,5,5,5,5,5,5,5,5,5,5,5,5,6,6,6,6,7,7
서대문구,외과,기관수,개소,10,10,10,10,10,10,10,10,10,10,10,10,9,9,9,9,9,9,9,9
서대문구,정형외과,기관수,개소,11,11,11,9,9,9,9,9,9,11,11,11,11,11,11,11,11,13,13,13
서대문구,신경외과,기관수,개소,0,0,0,0,0,0,0,0,0,0,0,0,0,0,0,0,0,0,0,0
서대문구,흉부외과,기관수,개소,0,0,0,0,0,0,0,0,0,0,0,0,0,0,0,0,0,0,0,0
서대문구,성형외과,기관수,개소,3,3,3,3,3,3,3,3,3,3,4,4,5,5,5,6,6,7,7,7
서대문구,마취통증의학과,기관수,개소,5,4,3,3,3,3,3,3,3,3,4,3,3,3,3,3,3,3,3,4
서대문구,산부인과,기관수,개소,9,9,9,9,10,12,12,12,12,12,12,12,12,12,12,13,13,14,14,14
서대문구,소아청소년과,기관수,개소,14,14,14,13,13,12,12,12,12,12,12,12,13,13,15,14,14,14,13,14
서대문구,안과,기관수,개소,11,11,11,12,12,12,12,12,12,12,12,11,11,11,11,11,11,11,11,11
서대문구,이비인후과,기관수,개소,18,19,19,19,18,18,17,17,17,17,17,17,17,17,18,19,19,19,19,19
서대문구,피부과,기관수,개소,12,12,12,12,13,13,13,13,13,13,12,12,11,11,11,11,11,11,11,11
서대문구,비뇨기과,기관수,개소,5,5,5,5,5,5,5,5,5,5,5,5,5,5,6,8,8,8,8,8
서대문구,영상의학과,기관수,개소,1,1,1,1,1,1,1,1,1,1,1,1,1,1,1,1,1,1,1,1
서대문구,병리과,기관수,개소,0,0,0,0,0,0,0,0,0,0,0,0,0,0,0,0,0,0,0,0
서대문구,진단검사의학과,기관수,개소,0,0,0,0,0,0,0,0,0,0,0,0,0,0,0,0,0,0,0,0
서대문구,결핵과,기관수,개소,0,0,0,0,0,0,0,0,0,0,0,0,0,0,0,0,0,0,0,0
서대문구,재활의학과,기관수,개소,4,4,4,4,4,4,4,4,4,4,4,4,4,4,4,4,4,4,3,3
서대문구,핵의학과,기관수,개소,0,0,0,0,0,0,0,0,0,0,0,0,0,0,0,0,0,0,0,0
서대문구,가정의학과,기관수,개소,6,6,6,6,6,6,6,6,6,6,5,5,5,5,5,4,4,5,5,5
서대문구,예방의학과,기관수,개소,0,0,0,0,,,,,,,,,,,,,,,,
서대문구,전문과목미표시전문의,기관수,개소,30,30,27,29,30,31,31,29,30,31,29,29,30,29,29,26,26,28,28,30
서대문구,일반의,기관수,개소,17,17,16,17,18,18,18,21,21,20,18,19,21,20,19,17,16,16,15,16
성동구,계,기관수,개소,169,171,173,172,169,168,168,167,166,166,166,164,163,162,165,166,168,167,171,174
성동구,내과,기관수,개소,22,23,23,23,23,22,21,22,21,21,20,20,20,20,20,20,20,19,19,20
성동구,신경과,기관수,개소,2,2,2,1,1,1,1,1,1,1,1,1,1,1,1,1,1,1,1,1
성동구,정신건강의학과,기관수,개소,4,4,4,4,4,4,4,4,4,4,4,4,4,4,4,4,4,4,4,4
성동구,외과,기관수,개소,4,4,4,4,3,4,4,3,3,3,3,3,3,3,3,3,3,3,3,3
성동구,정형외과,기관수,개소,10,11,11,11,11,10,10,10,10,10,10,10,10,9,9,9,9,9,11,11
성동구,신경외과,기관수,개소,2,2,2,2,2,2,2,2,2,2,2,2,2,2,2,2,2,2,2,2
성동구,흉부외과,기관수,개소,0,0,0,0,0,0,0,0,0,0,0,0,0,0,0,0,0,0,0,0
성동구,성형외과,기관수,개소,1,1,1,1,1,1,1,1,1,1,1,1,1,1,1,1,1,1,1,1
성동구,마취통증의학과,기관수,개소,8,7,7,7,7,7,7,6,6,6,6,6,6,5,5,5,4,4,4,4
성동구,산부인과,기관수,개소,11,12,12,12,12,12,12,12,12,12,12,12,12,11,11,11,11,10,11,11
성동구,소아청소년과,기관수,개소,19,19,19,19,17,17,17,16,17,17,18,18,18,18,18,18,18,18,18,20
성동구,안과,기관수,개소,8,8,8,8,8,8,9,9,9,9,9,9,9,9,9,9,9,9,9,9
성동구,이비인후과,기관수,개소,15,15,16,16,16,17,17,17,17,16,16,16,15,14,14,15,15,15,15,14
성동구,피부과,기관수,개소,6,6,6,6,6,6,6,6,5,5,5,5,5,5,5,5,5,5,5,5
성동구,비뇨기과,기관수,개소,4,5,5,5,5,5,5,5,5,5,5,5,5,5,6,6,6,6,6,6
성동구,영상의학과,기관수,개소,1,1,1,0,0,0,0,0,0,0,0,0,0,0,0,0,0,0,0,0
성동구,병리과,기관수,개소,0,0,1,1,2,2,2,2,2,2,2,2,1,1,1,1,1,1,1,1
성동구,진단검사의학과,기관수,개소,0,0,0,0,0,0,0,0,0,0,0,0,0,0,0,0,0,0,0,0
성동구,결핵과,기관수,개소,0,0,0,0,0,0,0,0,0,0,0,0,0,0,0,0,0,0,0,0
성동구,재활의학과,기관수,개소,1,1,1,1,1,1,1,1,1,1,1,1,1,1,1,1,1,1,1,1
성동구,핵의학과,기관수,개소,0,0,0,0,0,0,0,0,0,0,0,0,0,0,0,0,0,0,0,0
성동구,가정의학과,기관수,개소,4,4,4,4,4,4,4,5,5,5,5,5,5,5,5,5,5,5,5,4
성동구,예방의학과,기관수,개소,0,0,0,0,,,,,,,,,,,,,,,,
성동구,전문과목미표시전문의,기관수,개소,36,35,35,36,35,34,35,35,35,34,35,33,33,35,34,34,34,35,36,38
성동구,일반의,기관수,개소,11,11,11,11,11,11,10,10,10,12,11,11,12,13,16,16,19,19,19,19
성북구,계,기관수,개소,267,262,266,267,267,269,274,276,267,266,275,278,277,269,264,261,262,265,266,264
성북구,내과,기관수,개소,38,38,38,39,39,40,39,39,37,37,37,37,37,36,35,35,35,35,34,33
성북구,신경과,기관수,개소,1,1,1,1,1,1,2,2,1,1,1,1,1,0,0,0,0,0,0,0
성북구,정신건강의학과,기관수,개소,8,9,9,8,8,8,8,9,8,8,8,9,9,9,9,9,9,9,9,8
성북구,외과,기관수,개소,8,8,8,8,8,8,8,8,8,7,8,8,8,8,8,8,9,9,9,10
성북구,정형외과,기관수,개소,20,20,20,20,20,20,20,20,20,20,20,19,21,21,21,21,21,21,21,21
성북구,신경외과,기관수,개소,2,2,3,3,3,4,4,4,4,4,4,4,4,4,3,3,3,3,3,3
성북구,흉부외과,기관수,개소,0,0,0,0,0,0,0,0,0,0,0,0,0,0,0,0,0,0,0,0
성북구,성형외과,기관수,개소,3,4,4,4,4,4,5,5,5,5,5,5,6,5,6,6,6,6,6,6
성북구,마취통증의학과,기관수,개소,5,5,5,5,5,4,4,4,3,3,3,3,3,3,3,3,4,4,4,4
성북구,산부인과,기관수,개소,15,15,15,15,15,15,15,16,16,17,17,18,17,17,16,15,15,15,15,16
성북구,소아청소년과,기관수,개소,25,24,23,24,26,25,27,28,28,28,28,28,28,27,25,25,24,24,23,23
성북구,안과,기관수,개소,12,12,12,12,12,12,12,12,12,12,12,12,11,11,11,11,11,12,12,12
성북구,이비인후과,기관수,개소,22,22,22,21,21,21,21,21,20,20,21,21,20,20,21,21,21,21,20,20
성북구,피부과,기관수,개소,8,7,7,7,7,7,7,7,7,7,7,7,7,7,7,7,7,7,7,7
성북구,비뇨기과,기관수,개소,3,3,3,3,3,3,3,3,3,3,3,3,3,3,3,3,4,4,5,5
성북구,영상의학과,기관수,개소,1,1,1,1,1,1,1,1,1,1,1,1,1,2,2,2,2,2,2,2
성북구,병리과,기관수,개소,0,0,0,0,0,0,0,0,0,0,0,0,0,0,0,0,0,0,0,0
성북구,진단검사의학과,기관수,개소,2,2,2,2,2,2,2,2,2,2,2,2,2,2,2,2,2,2,2,2
성북구,결핵과,기관수,개소,0,0,0,0,0,0,0,0,0,0,0,0,0,0,0,0,0,0,0,0
성북구,재활의학과,기관수,개소,4,3,3,3,3,3,3,3,3,3,3,3,3,3,3,3,3,3,3,3
성북구,핵의학과,기관수,개소,0,0,0,0,0,0,0,0,0,0,0,0,0,0,0,0,0,0,0,0
성북구,가정의학과,기관수,개소,18,18,18,18,18,18,18,18,18,17,17,17,17,18,18,18,19,19,19,19
성북구,예방의학과,기관수,개소,0,0,0,0,,,,,,,,,,,,,,,,
성북구,전문과목미표시전문의,기관수,개소,46,44,48,47,45,47,48,47,48,50,52,52,51,48,44,44,43,44,45,45
성북구,일반의,기관수,개소,26,24,24,26,26,26,27,27,23,21,26,28,28,25,27,25,24,25,27,25
영등포구,계,기관수,개소,287,293,294,288,289,292,293,293,297,295,305,298,293,292,291,289,282,277,276,274
영등포구,내과,기관수,개소,42,41,41,42,42,41,40,40,40,41,39,38,37,39,39,39,39,38,38,38
영등포구,신경과,기관수,개소,3,3,3,3,3,3,3,3,3,3,3,3,3,3,3,3,3,3,3,3
영등포구,정신건강의학과,기관수,개소,4,4,4,4,4,4,4,4,4,4,4,4,3,3,3,3,3,3,3,3
영등포구,외과,기관수,개소,7,7,7,7,7,7,8,8,8,8,8,8,8,9,11,11,11,12,12,11
영등포구,정형외과,기관수,개소,19,19,19,19,19,19,19,19,19,18,18,17,17,17,17,17,16,16,16,15
영등포구,신경외과,기관수,개소,1,1,1,1,1,1,1,1,1,1,1,1,1,1,1,1,1,1,1,1
영등포구,흉부외과,기관수,개소,0,0,0,0,0,0,0,0,0,0,1,1,1,1,1,1,1,1,1,1
영등포구,성형외과,기관수,개소,4,4,4,4,4,5,5,5,6,6,8,8,7,7,7,8,8,8,8,9
영등포구,마취통증의학과,기관수,개소,11,11,11,11,10,10,10,10,10,10,10,11,11,10,9,8,8,8,9,9
영등포구,산부인과,기관수,개소,19,19,19,20,21,21,21,22,22,22,23,22,21,21,19,20,20,20,20,20
영등포구,소아청소년과,기관수,개소,21,22,24,23,23,23,24,24,24,24,24,22,23,23,23,23,23,22,23,23
영등포구,안과,기관수,개소,11,11,10,10,10,11,11,11,11,10,10,10,10,10,10,10,9,9,9,9
영등포구,이비인후과,기관수,개소,27,28,27,27,27,27,27,27,28,28,28,27,25,25,25,25,24,24,24,24
영등포구,피부과,기관수,개소,14,14,13,12,12,12,12,12,12,11,11,11,11,11,11,11,11,10,9,9
영등포구,비뇨기과,기관수,개소,13,13,15,15,14,14,13,13,12,12,12,12,12,11,11,10,10,10,10,10
영등포구,영상의학과,기관수,개소,1,2,2,2,2,2,2,2,2,2,2,2,2,2,2,2,2,2,1,1
영등포구,병리과,기관수,개소,0,0,0,0,0,0,0,0,0,0,0,0,0,0,0,0,0,0,0,0
영등포구,진단검사의학과,기관수,개소,0,0,0,0,0,0,0,0,0,0,0,0,0,0,0,0,0,0,0,0
영등포구,결핵과,기관수,개소,0,0,0,0,0,0,0,0,0,0,0,0,0,0,0,0,0,0,0,0
영등포구,재활의학과,기관수,개소,5,4,4,3,3,3,3,3,3,3,3,3,3,3,3,3,3,3,3,2
영등포구,핵의학과,기관수,개소,0,0,0,0,0,0,0,0,0,0,0,0,0,0,0,0,0,0,0,0
영등포구,가정의학과,기관수,개소,8,8,8,8,8,8,8,8,8,7,6,6,6,6,5,6,6,6,6,6
영등포구,예방의학과,기관수,개소,0,0,0,0,,,,,,,,,,,,,,,,
영등포구,전문과목미표시전문의,기관수,개소,55,59,59,57,58,59,59,58,57,59,64,60,61,60,62,59,55,53,53,53
영등포구,일반의,기관수,개소,22,23,23,20,21,22,23,23,27,26,30,32,31,30,29,29,29,28,27,27
용산구,계,기관수,개소,111,112,114,114,117,116,118,117,116,113,113,115,117,118,116,111,112,112,112,113
용산구,내과,기관수,개소,17,17,17,17,17,17,17,17,17,17,18,18,18,19,18,17,17,17,17,17
용산구,신경과,기관수,개소,0,0,0,0,0,0,0,0,0,0,0,0,0,0,0,0,0,0,0,0
용산구,정신건강의학과,기관수,개소,1,1,1,1,1,1,1,1,1,1,1,1,1,2,2,2,2,2,2,2
용산구,외과,기관수,개소,2,2,3,3,2,3,3,3,3,3,3,3,3,3,3,3,3,3,3,3
용산구,정형외과,기관수,개소,6,6,6,6,6,6,6,6,6,6,6,6,6,6,6,6,5,5,5,5
용산구,신경외과,기관수,개소,2,2,2,2,2,2,2,2,2,2,2,2,2,2,2,2,2,2,2,2
용산구,흉부외과,기관수,개소,0,0,0,0,0,0,0,0,0,0,0,0,0,0,0,0,0,0,0,0
용산구,성형외과,기관수,개소,0,0,0,0,0,0,0,0,0,0,0,0,0,0,0,0,0,0,0,0
용산구,마취통증의학과,기관수,개소,1,1,1,1,1,1,1,1,1,1,1,1,1,2,2,1,1,1,1,1
용산구,산부인과,기관수,개소,7,7,7,7,8,8,8,8,8,8,8,8,8,8,8,8,10,10,11,12
용산구,소아청소년과,기관수,개소,9,9,9,9,9,9,9,9,8,8,8,8,8,8,8,8,8,8,8,8
용산구,안과,기관수,개소,6,6,6,6,6,6,6,6,6,5,5,6,6,6,6,5,5,5,5,5
용산구,이비인후과,기관수,개소,7,8,8,8,8,8,8,8,8,8,8,8,9,9,8,8,8,8,8,8
용산구,피부과,기관수,개소,4,4,4,4,4,4,4,4,4,4,4,4,3,3,3,3,3,3,3,3
용산구,비뇨기과,기관수,개소,1,1,1,1,1,1,1,1,1,1,1,1,1,1,1,1,1,1,1,1
용산구,영상의학과,기관수,개소,0,0,0,0,0,0,0,0,0,0,0,0,0,0,0,0,0,0,0,0
용산구,병리과,기관수,개소,0,0,0,0,0,0,0,0,0,0,0,0,0,0,0,0,0,0,0,0
용산구,진단검사의학과,기관수,개소,0,0,0,0,0,0,0,0,0,0,0,0,0,0,0,0,0,0,0,0
용산구,결핵과,기관수,개소,0,0,0,0,0,0,0,0,0,0,0,0,0,0,0,0,0,0,0,0
용산구,재활의학과,기관수,개소,1,1,1,1,1,1,1,1,1,1,1,1,1,1,1,1,1,1,1,1
용산구,핵의학과,기관수,개소,0,0,0,0,0,0,0,0,0,0,0,0,0,0,0,0,0,0,0,0
용산구,가정의학과,기관수,개소,2,2,2,2,2,2,2,2,2,2,2,3,3,2,2,2,2,2,2,2
용산구,예방의학과,기관수,개소,0,0,0,0,,,,,,,,,,,,,,,,
용산구,전문과목미표시전문의,기관수,개소,35,35,35,34,38,36,37,36,37,37,36,35,36,37,37,36,36,36,35,35
용산구,일반의,기관수,개소,10,10,11,12,11,11,12,12,11,9,9,10,11,9,9,8,8,8,8,8
은평구,계,기관수,개소,272,271,268,265,263,261,256,251,251,256,257,259,258,261,256,255,251,252,254,252
은평구,내과,기관수,개소,49,48,45,45,45,44,43,42,41,41,41,42,42,43,42,42,41,41,41,40
은평구,신경과,기관수,개소,0,0,0,0,0,0,0,0,0,0,0,0,0,0,0,1,1,1,1,1
은평구,정신건강의학과,기관수,개소,7,7,7,7,5,5,6,6,6,6,6,6,6,6,5,5,5,6,6,6
은평구,외과,기관수,개소,5,5,5,5,5,5,5,5,5,5,5,5,5,6,6,6,6,6,5,5
은평구,정형외과,기관수,개소,21,21,21,21,20,19,18,18,18,18,18,19,19,19,19,19,19,19,19,19
은평구,신경외과,기관수,개소,2,2,2,2,2,2,2,2,2,2,3,3,3,2,2,2,3,3,3,3
은평구,흉부외과,기관수,개소,0,0,0,0,0,0,0,0,0,0,0,0,0,0,0,0,0,0,0,0
은평구,성형외과,기관수,개소,2,2,2,2,2,2,2,2,2,2,2,2,2,2,2,2,2,2,2,2
은평구,마취통증의학과,기관수,개소,7,7,7,7,7,7,7,6,6,5,5,5,5,5,5,5,4,4,4,4
은평구,산부인과,기관수,개소,17,18,18,18,18,18,18,18,20,21,21,21,22,24,25,25,25,26,26,26
은평구,소아청소년과,기관수,개소,29,29,28,27,27,26,26,25,26,28,28,30,30,30,30,29,28,28,30,30
은평구,안과,기관수,개소,19,19,19,19,19,19,18,17,17,17,17,17,16,16,16,16,16,15,16,16
은평구,이비인후과,기관수,개소,23,23,23,23,23,23,22,23,23,23,23,23,23,23,23,22,22,22,21,21
은평구,피부과,기관수,개소,12,12,12,12,11,12,12,11,11,12,12,12,12,12,11,11,11,11,11,11
은평구,비뇨기과,기관수,개소,6,6,6,6,5,5,5,5,5,6,6,6,6,6,6,6,5,6,6,6
은평구,영상의학과,기관수,개소,2,2,2,2,2,2,2,2,2,2,2,2,2,2,2,2,2,2,2,2
은평구,병리과,기관수,개소,0,0,0,0,0,0,0,0,0,0,0,0,0,0,0,0,0,0,0,0
은평구,진단검사의학과,기관수,개소,0,0,0,0,0,0,0,0,0,0,0,0,0,0,0,0,0,0,0,0
은평구,결핵과,기관수,개소,0,0,0,0,0,0,0,0,0,0,0,0,0,0,0,0,0,0,0,0
은평구,재활의학과,기관수,개소,7,7,7,7,7,7,7,7,6,6,6,6,6,5,5,5,5,5,5,5
은평구,핵의학과,기관수,개소,0,0,0,0,0,0,0,0,0,0,0,0,0,0,0,0,0,0,0,0
은평구,가정의학과,기관수,개소,12,11,11,11,10,10,10,10,10,10,10,10,10,10,10,10,10,10,10,10
은평구,예방의학과,기관수,개소,0,0,0,0,,,,,,,,,,,,,,,,
은평구,전문과목미표시전문의,기관수,개소,43,43,45,43,47,47,46,44,43,44,43,41,41,42,40,40,40,39,39,38
은평구,일반의,기관수,개소,9,9,8,8,8,8,7,8,8,8,9,9,8,8,7,7,6,6,7,7
종로구,계,기관수,개소,165,169,174,173,173,173,168,162,162,168,170,170,172,174,174,173,170,168,163,162
종로구,내과,기관수,개소,10,10,11,11,12,12,10,10,10,11,11,11,11,11,11,11,11,11,11,11
종로구,신경과,기관수,개소,0,0,0,0,0,0,0,0,1,1,1,1,1,1,1,1,1,1,1,1
종로구,정신건강의학과,기관수,개소,12,12,14,13,13,13,13,13,12,12,12,12,12,12,12,12,12,12,11,11
종로구,외과,기관수,개소,5,5,5,5,5,5,5,4,4,4,4,4,3,3,3,3,3,3,3,2
종로구,정형외과,기관수,개소,6,6,7,7,7,7,7,5,5,5,5,5,5,5,5,5,5,5,5,5
종로구,신경외과,기관수,개소,4,4,4,4,4,4,3,3,3,3,3,3,3,3,3,3,3,3,3,3
종로구,흉부외과,기관수,개소,0,0,0,0,0,0,0,0,0,0,0,0,0,0,0,0,0,0,0,0
종로구,성형외과,기관수,개소,2,2,2,2,2,2,2,2,2,2,3,3,3,3,3,3,3,3,3,3
종로구,마취통증의학과,기관수,개소,6,6,6,6,5,4,3,3,3,3,3,2,2,2,2,2,2,2,2,2
종로구,산부인과,기관수,개소,9,9,9,9,9,9,9,8,7,7,7,6,7,7,7,8,8,8,6,6
종로구,소아청소년과,기관수,개소,4,4,5,5,5,5,5,5,6,5,6,6,6,6,6,6,6,6,6,6
종로구,안과,기관수,개소,10,10,10,10,10,10,10,10,9,10,10,10,10,10,10,10,10,10,10,10
종로구,이비인후과,기관수,개소,15,15,15,15,15,15,15,14,14,14,14,14,14,14,14,13,13,11,10,10
종로구,피부과,기관수,개소,8,8,8,8,8,7,7,7,7,7,7,7,7,7,7,6,6,6,6,6
종로구,비뇨기과,기관수,개소,10,10,9,9,9,9,9,9,9,9,9,9,9,9,9,9,9,9,9,9
종로구,영상의학과,기관수,개소,1,1,1,1,1,1,1,1,1,1,1,1,1,2,2,2,2,2,2,2
종로구,병리과,기관수,개소,0,0,0,0,0,0,0,0,0,0,0,0,0,0,0,0,0,0,0,0
종로구,진단검사의학과,기관수,개소,0,0,0,0,0,0,0,0,0,0,0,0,0,0,0,0,0,0,0,0
종로구,결핵과,기관수,개소,0,0,0,0,0,0,0,0,0,0,0,0,0,0,0,0,0,0,0,0
종로구,재활의학과,기관수,개소,1,1,1,0,0,0,0,0,0,0,0,0,0,0,0,0,0,0,0,0
종로구,핵의학과,기관수,개소,0,0,0,0,0,0,0,0,0,0,0,0,0,0,0,0,0,0,0,0
종로구,가정의학과,기관수,개소,7,7,8,8,8,8,8,8,8,8,8,8,10,10,10,10,10,10,10,9
종로구,예방의학과,기관수,개소,0,0,0,0,,,,,,,,,,,,,,,,
종로구,전문과목미표시전문의,기관수,개소,34,37,37,36,35,37,37,39,39,43,43,42,41,42,42,42,39,40,38,39
종로구,일반의,기관수,개소,21,22,22,24,25,25,24,21,22,23,23,26,27,27,27,27,27,26,27,27
중구,계,기관수,개소,211,210,212,214,210,209,211,210,214,210,211,204,200,197,197,201,201,203,207,205
중구,내과,기관수,개소,22,22,22,21,21,21,21,22,24,24,24,24,22,21,21,21,21,21,21,20
중구,신경과,기관수,개소,1,1,1,2,2,2,2,2,2,2,1,1,1,1,1,1,1,1,1,1
중구,정신건강의학과,기관수,개소,5,5,5,5,5,4,4,4,4,4,4,4,4,5,6,7,7,7,7,7
중구,외과,기관수,개소,3,3,3,3,3,3,3,3,3,3,3,3,3,3,3,3,3,3,3,3
중구,정형외과,기관수,개소,8,8,9,8,7,7,7,7,7,7,7,7,7,6,6,6,6,6,6,6
중구,신경외과,기관수,개소,1,1,1,1,0,0,0,0,0,0,0,0,0,0,0,0,0,0,0,0
중구,흉부외과,기관수,개소,0,0,0,0,0,0,0,0,0,0,0,0,0,0,0,0,0,0,0,0
중구,성형외과,기관수,개소,3,3,3,3,3,3,4,4,4,4,6,6,6,6,6,7,8,8,8,9
중구,마취통증의학과,기관수,개소,1,1,1,1,1,1,1,2,2,2,2,2,3,3,3,3,4,4,4,4
중구,산부인과,기관수,개소,8,8,8,10,9,9,11,11,11,11,11,11,10,10,10,10,10,10,11,11
중구,소아청소년과,기관수,개소,4,4,4,4,4,4,4,4,4,3,3,3,3,3,3,3,3,3,3,3
중구,안과,기관수,개소,14,14,14,14,14,14,14,14,16,16,16,15,15,15,15,16,16,15,16,17
중구,이비인후과,기관수,개소,15,15,14,16,16,16,16,16,18,19,19,19,18,18,19,18,18,18,18,17
중구,피부과,기관수,개소,13,13,13,13,13,13,13,13,13,12,12,12,12,11,11,11,10,10,9,9
중구,비뇨기과,기관수,개소,12,12,12,12,12,12,13,13,13,12,12,11,11,11,11,11,11,10,10,10
중구,영상의학과,기관수,개소,1,1,1,1,1,1,1,1,0,0,0,0,0,0,0,0,0,0,0,0
중구,병리과,기관수,개소,0,0,0,0,0,0,0,0,0,0,0,0,0,0,0,0,0,0,0,0
중구,진단검사의학과,기관수,개소,0,0,0,0,0,0,0,0,0,0,0,0,0,0,0,0,0,0,0,0
중구,결핵과,기관수,개소,0,0,0,0,0,0,0,0,0,0,0,0,0,0,0,0,0,0,0,0
중구,재활의학과,기관수,개소,2,2,3,3,3,3,3,3,3,3,3,3,3,3,3,2,2,2,1,1
중구,핵의학과,기관수,개소,0,0,0,0,0,0,0,0,0,0,0,0,0,0,0,0,0,0,0,0
중구,가정의학과,기관수,개소,5,5,4,4,4,4,4,5,5,5,5,5,5,5,5,5,5,5,5,4
중구,예방의학과,기관수,개소,0,0,0,0,,,,,,,,,,,,,,,,
중구,전문과목미표시전문의,기관수,개소,55,54,57,56,56,56,55,50,51,48,48,45,45,45,45,47,49,50,51,51
중구,일반의,기관수,개소,38,38,37,37,36,36,35,36,34,35,35,33,32,31,29,30,27,30,33,32
송파구,계,기관수,개소,440,436,439,440,433,439,442,436,434,433,428,426,421,424,421,420,417,415,412,408
송파구,내과,기관수,개소,60,60,60,60,60,60,60,60,60,61,62,62,60,60,60,60,60,61,61,61
송파구,신경과,기관수,개소,3,3,3,2,2,2,2,2,2,2,2,2,2,2,2,2,2,2,2,2
송파구,정신건강의학과,기관수,개소,16,17,17,16,15,17,17,16,16,17,16,16,14,14,14,14,13,13,14,14
송파구,외과,기관수,개소,10,10,10,10,9,9,9,9,9,9,10,10,10,10,10,9,8,9,9,8
송파구,정형외과,기관수,개소,22,22,23,24,23,21,22,22,22,22,22,22,22,22,22,22,23,24,23,23
송파구,신경외과,기관수,개소,4,4,4,4,4,4,4,4,4,4,4,4,4,4,4,4,4,3,3,3
송파구,흉부외과,기관수,개소,1,1,1,1,1,1,1,1,1,1,1,1,1,1,0,0,0,0,0,0
송파구,성형외과,기관수,개소,4,4,4,4,4,4,4,4,4,4,4,4,3,3,3,2,2,2,2,4
송파구,마취통증의학과,기관수,개소,13,13,13,13,12,13,13,13,11,11,10,10,10,10,9,10,10,10,9,8
송파구,산부인과,기관수,개소,24,23,23,24,24,25,26,26,28,26,27,27,26,27,27,27,27,29,27,27
송파구,소아청소년과,기관수,개소,41,41,41,42,41,42,42,42,42,41,41,41,42,43,44,44,43,43,42,42
송파구,안과,기관수,개소,26,25,24,24,24,24,24,25,25,25,25,25,25,25,25,27,27,27,28,27
송파구,이비인후과,기관수,개소,37,37,37,37,37,38,40,39,37,37,37,37,37,37,37,36,36,36,36,35
송파구,피부과,기관수,개소,33,33,33,32,32,32,31,31,31,30,29,29,29,29,30,29,29,29,30,29
송파구,비뇨기과,기관수,개소,12,12,11,11,11,11,11,11,12,12,12,13,13,13,13,12,12,12,13,13
송파구,영상의학과,기관수,개소,2,3,3,3,3,3,3,3,4,4,4,4,4,3,3,3,4,4,4,4
송파구,병리과,기관수,개소,1,1,1,1,1,1,0,0,0,0,0,0,0,0,0,0,0,0,0,0
송파구,진단검사의학과,기관수,개소,1,1,1,1,1,1,2,2,2,2,2,2,2,2,2,2,2,2,2,2
송파구,결핵과,기관수,개소,0,0,0,0,0,0,0,0,0,0,0,0,0,0,0,0,0,0,0,0
송파구,재활의학과,기관수,개소,5,4,4,4,4,4,4,4,4,4,4,4,4,4,4,4,5,5,5,5
송파구,핵의학과,기관수,개소,0,0,0,0,0,0,0,0,0,0,0,0,0,0,0,0,0,0,0,0
송파구,가정의학과,기관수,개소,11,11,11,11,10,10,10,10,11,11,10,11,11,11,11,11,11,11,11,12
송파구,예방의학과,기관수,개소,0,0,0,0,,,,,,,,,,,,,,,,
송파구,전문과목미표시전문의,기관수,개소,85,84,89,88,88,89,85,82,80,82,79,75,74,76,74,74,71,65,63,60
송파구,일반의,기관수,개소,29,27,26,28,27,28,32,30,29,28,27,27,28,28,27,28,28,28,28,29
중랑구,계,기관수,개소,214,211,210,211,213,217,218,217,218,219,220,223,220,220,220,221,220,220,220,220
중랑구,내과,기관수,개소,32,32,32,31,31,30,31,31,32,32,32,32,32,33,33,33,31,31,31,31
중랑구,신경과,기관수,개소,1,1,1,1,1,1,1,1,1,1,1,1,1,1,1,1,1,1,1,1
중랑구,정신건강의학과,기관수,개소,3,3,3,3,3,3,4,4,4,4,4,4,4,4,4,5,4,6,5,5
중랑구,외과,기관수,개소,8,8,8,9,9,9,9,9,9,9,9,9,9,9,9,9,10,10,10,10
중랑구,정형외과,기관수,개소,20,19,21,20,20,20,20,20,20,21,21,21,21,21,21,21,21,20,20,20
중랑구,신경외과,기관수,개소,2,2,2,3,3,3,3,3,3,3,3,3,3,3,3,3,3,3,3,3
중랑구,흉부외과,기관수,개소,0,0,0,0,0,0,0,0,0,0,0,0,0,0,0,0,0,0,0,0
중랑구,성형외과,기관수,개소,0,0,0,0,0,0,0,0,0,0,0,0,0,0,0,0,0,0,0,0
중랑구,마취통증의학과,기관수,개소,6,6,6,6,6,6,5,5,5,5,5,5,4,3,3,3,3,3,3,3
중랑구,산부인과,기관수,개소,14,14,14,14,14,14,14,14,14,14,14,15,15,16,16,16,16,16,17,17
중랑구,소아청소년과,기관수,개소,19,19,18,18,18,19,19,19,19,19,19,20,19,19,19,20,20,20,19,19
중랑구,안과,기관수,개소,11,11,11,11,11,11,11,11,11,11,11,11,11,11,11,11,11,11,11,11
중랑구,이비인후과,기관수,개소,21,21,22,22,23,23,22,22,22,22,22,21,21,19,19,18,18,18,18,18
중랑구,피부과,기관수,개소,12,12,12,12,12,12,12,12,12,12,12,11,11,11,11,10,9,9,9,9
중랑구,비뇨기과,기관수,개소,5,5,5,5,5,5,5,5,6,6,6,6,6,6,6,6,6,6,6,6
중랑구,영상의학과,기관수,개소,0,0,0,0,0,0,0,0,0,0,0,0,0,0,0,0,0,0,0,0
중랑구,병리과,기관수,개소,0,0,0,0,0,0,0,0,0,0,0,0,0,0,0,0,0,0,0,0
중랑구,진단검사의학과,기관수,개소,0,0,0,0,0,0,0,0,0,0,0,0,0,0,0,0,0,0,0,0
중랑구,결핵과,기관수,개소,0,0,0,0,0,0,0,0,0,0,0,0,0,0,0,0,0,0,0,0
중랑구,재활의학과,기관수,개소,1,1,1,1,1,1,2,2,2,2,2,2,2,2,2,2,2,2,2,2
중랑구,핵의학과,기관수,개소,0,0,0,0,0,0,0,0,0,0,0,0,0,0,0,0,0,0,0,0
중랑구,가정의학과,기관수,개소,4,4,4,4,4,4,4,4,4,4,5,7,7,7,7,7,7,7,7,8
중랑구,예방의학과,기관수,개소,0,0,0,0,,,,,,,,,,,,,,,,
중랑구,전문과목미표시전문의,기관수,개소,41,41,40,41,42,45,43,42,42,42,43,43,42,42,42,43,45,44,44,41
중랑구,일반의,기관수,개소,14,12,10,10,10,11,13,13,12,12,11,12,12,13,13,13,13,13,14,16
양천구,계,기관수,개소,258,260,260,264,265,265,265,264,262,261,261,259,259,257,255,257,257,256,253,255
양천구,내과,기관수,개소,39,39,38,41,41,41,41,40,39,39,39,36,36,35,35,36,36,36,36,36
양천구,신경과,기관수,개소,1,1,1,0,0,0,0,0,0,0,0,0,0,0,0,0,0,0,0,0
양천구,정신건강의학과,기관수,개소,8,8,8,8,7,7,7,7,7,7,7,7,7,7,7,7,7,7,8,8
양천구,외과,기관수,개소,8,8,8,8,7,7,7,7,7,8,8,9,8,8,7,7,7,7,8,9
양천구,정형외과,기관수,개소,21,22,22,23,23,23,23,23,23,23,23,22,22,22,24,23,24,23,23,23
양천구,신경외과,기관수,개소,2,2,2,2,2,2,2,2,2,2,2,2,2,2,2,2,2,2,2,2
양천구,흉부외과,기관수,개소,1,1,1,1,0,0,0,0,0,0,0,0,0,0,0,0,0,0,0,0
양천구,성형외과,기관수,개소,1,1,1,1,1,1,2,2,2,2,2,2,2,2,2,2,2,3,1,1
양천구,마취통증의학과,기관수,개소,9,9,9,9,9,8,7,7,7,7,6,6,6,6,6,6,6,7,6,6
양천구,산부인과,기관수,개소,17,17,17,17,18,19,19,19,18,18,18,18,19,19,18,18,18,18,18,18
양천구,소아청소년과,기관수,개소,28,28,28,29,30,30,30,29,29,28,27,28,30,29,30,30,30,29,29,29
양천구,안과,기관수,개소,12,12,12,12,12,12,12,12,12,13,13,13,13,13,13,14,14,14,14,14
양천구,이비인후과,기관수,개소,24,24,24,24,24,24,23,23,22,22,22,22,22,22,21,22,22,22,21,21
양천구,피부과,기관수,개소,17,17,17,16,16,16,16,16,16,16,16,16,16,16,16,16,14,15,15,15
양천구,비뇨기과,기관수,개소,7,7,7,7,8,8,8,8,8,8,8,8,8,8,8,8,8,8,9,8
양천구,영상의학과,기관수,개소,0,0,0,0,0,0,0,0,0,1,1,1,1,1,1,1,1,1,1,1
양천구,병리과,기관수,개소,0,0,0,0,0,0,0,0,0,0,0,0,0,0,0,0,0,0,0,0
양천구,진단검사의학과,기관수,개소,0,0,0,0,0,0,0,0,0,0,0,0,0,0,0,0,0,0,0,0
양천구,결핵과,기관수,개소,0,0,0,0,0,0,0,0,0,0,0,0,0,0,0,0,0,0,0,0
양천구,재활의학과,기관수,개소,4,4,4,4,4,4,4,4,4,2,2,2,3,3,2,2,2,2,2,2
양천구,핵의학과,기관수,개소,0,0,0,0,0,0,0,0,0,0,0,0,0,0,0,0,0,0,0,0
양천구,가정의학과,기관수,개소,8,8,8,8,8,8,8,8,8,8,8,8,8,8,8,8,9,9,9,9
양천구,예방의학과,기관수,개소,0,0,0,0,,,,,,,,,,,,,,,,
양천구,전문과목미표시전문의,기관수,개소,37,38,39,38,38,39,41,41,43,44,44,42,41,40,41,39,38,38,37,37
양천구,일반의,기관수,개소,14,14,14,16,17,16,15,16,15,13,15,17,15,16,14,16,17,15,14,16
서초구,계,기관수,개소,551,544,541,537,539,539,542,535,521,505,509,499,496,491,488,477,469,461,458,450
서초구,내과,기관수,개소,52,52,52,51,51,52,51,50,50,49,49,49,49,48,49,49,47,47,46,46
서초구,신경과,기관수,개소,5,5,5,5,5,5,5,5,5,5,5,5,5,6,6,5,5,5,4,4
서초구,정신건강의학과,기관수,개소,27,27,27,27,27,27,28,28,28,27,27,27,27,26,27,27,28,27,28,28
서초구,외과,기관수,개소,13,13,13,14,15,15,15,15,15,15,15,15,15,14,13,13,12,10,10,10
서초구,정형외과,기관수,개소,14,14,15,15,15,16,16,16,16,15,14,15,15,14,13,13,13,13,13,13
서초구,신경외과,기관수,개소,4,4,4,4,4,4,3,3,3,3,3,3,3,3,3,3,3,4,3,3
서초구,흉부외과,기관수,개소,1,1,1,1,1,1,1,1,1,1,1,1,1,1,1,1,1,1,2,2
서초구,성형외과,기관수,개소,48,46,47,49,48,47,48,47,44,44,45,41,42,42,38,37,37,38,40,40
서초구,마취통증의학과,기관수,개소,10,10,10,10,10,10,10,9,9,9,8,8,8,8,8,8,7,7,7,6
서초구,산부인과,기관수,개소,26,27,27,26,28,28,28,28,28,27,31,31,30,31,33,34,33,31,30,30
서초구,소아청소년과,기관수,개소,29,28,28,27,27,27,27,26,26,26,25,25,25,25,25,24,23,23,23,23
서초구,안과,기관수,개소,37,37,36,36,36,36,38,38,37,36,36,35,35,35,35,35,35,34,34,33
서초구,이비인후과,기관수,개소,32,32,32,31,31,31,31,31,31,31,31,27,28,27,27,27,27,26,27,27
서초구,피부과,기관수,개소,43,43,44,43,44,43,43,43,42,42,41,40,39,37,37,38,37,37,36,34
서초구,비뇨기과,기관수,개소,17,16,16,16,17,18,18,18,17,17,17,19,21,20,21,20,20,20,20,20
서초구,영상의학과,기관수,개소,2,2,2,2,2,2,2,2,2,2,2,2,2,2,2,2,2,2,2,2
서초구,병리과,기관수,개소,0,0,0,0,0,0,0,0,0,0,0,0,0,0,0,0,0,0,0,0
서초구,진단검사의학과,기관수,개소,0,0,0,0,0,0,0,1,0,0,1,1,1,1,1,1,1,1,1,1
서초구,결핵과,기관수,개소,0,0,0,0,0,0,0,0,0,0,0,0,0,0,0,0,0,0,0,0
서초구,재활의학과,기관수,개소,9,9,8,8,8,9,9,9,9,9,9,8,8,8,8,8,8,7,7,7
서초구,핵의학과,기관수,개소,0,0,0,0,0,0,0,0,0,0,0,0,0,0,0,0,0,0,0,0
서초구,가정의학과,기관수,개소,6,6,5,5,4,4,4,4,4,4,4,4,4,4,4,3,3,3,2,2
서초구,예방의학과,기관수,개소,0,0,0,0,,,,,,,,,,,,,,,,
서초구,전문과목미표시전문의,기관수,개소,118,116,113,110,107,111,111,102,100,97,98,94,87,88,89,83,84,82,77,74
서초구,일반의,기관수,개소,58,56,56,57,59,53,54,59,54,46,47,49,51,51,48,46,43,43,46,45
노원구,계,기관수,개소,324,322,323,321,320,326,326,329,330,330,331,329,331,332,332,330,326,323,319,312
노원구,내과,기관수,개소,39,39,39,39,38,39,40,40,39,39,39,39,39,40,40,40,39,39,39,38
노원구,신경과,기관수,개소,3,3,3,3,3,3,3,3,3,3,3,3,3,2,2,2,2,2,2,2
노원구,정신건강의학과,기관수,개소,15,15,15,15,14,14,15,15,16,15,15,15,16,16,16,16,16,16,15,14
노원구,외과,기관수,개소,12,12,12,12,12,12,12,13,13,13,13,13,13,13,13,12,11,11,11,11
노원구,정형외과,기관수,개소,19,19,20,19,19,20,20,20,20,20,20,20,20,20,20,20,20,20,19,18
노원구,신경외과,기관수,개소,1,1,1,1,1,1,1,1,1,1,1,1,1,1,1,1,1,1,1,1
노원구,흉부외과,기관수,개소,0,0,0,0,0,0,0,0,0,0,0,0,0,0,0,0,0,0,0,0
노원구,성형외과,기관수,개소,8,8,8,8,8,8,7,7,7,7,7,7,7,7,7,7,7,6,6,6
노원구,마취통증의학과,기관수,개소,7,7,7,7,7,8,8,8,7,8,8,8,8,8,8,7,8,8,8,8
노원구,산부인과,기관수,개소,17,17,17,17,17,17,17,17,17,18,18,18,19,19,18,18,19,18,18,18
노원구,소아청소년과,기관수,개소,35,34,34,34,34,34,33,35,35,34,35,35,35,35,34,35,36,36,36,36
노원구,안과,기관수,개소,17,17,17,17,17,18,17,17,17,17,17,17,17,17,17,17,17,16,16,16
노원구,이비인후과,기관수,개소,28,29,29,29,30,29,30,30,30,29,29,29,28,28,28,27,27,28,27,27
노원구,피부과,기관수,개소,18,18,18,18,18,18,18,18,18,18,18,18,19,19,19,18,18,18,18,17
노원구,비뇨기과,기관수,개소,16,14,15,14,15,15,15,15,15,15,15,14,14,15,14,14,14,13,13,13
노원구,영상의학과,기관수,개소,4,4,4,4,5,5,5,5,5,5,5,5,5,5,5,5,5,5,4,4
노원구,병리과,기관수,개소,0,0,0,0,0,0,0,0,0,0,0,0,0,0,0,0,0,0,0,0
노원구,진단검사의학과,기관수,개소,0,0,0,0,0,0,0,0,0,0,0,0,0,0,0,0,0,0,0,0
노원구,결핵과,기관수,개소,0,0,0,0,0,0,0,0,0,0,0,0,0,0,0,0,0,0,0,0
노원구,재활의학과,기관수,개소,5,5,5,5,5,4,4,4,4,4,4,4,4,4,4,4,4,4,4,4
노원구,핵의학과,기관수,개소,0,0,0,0,0,0,0,0,0,0,0,0,0,0,0,0,0,0,0,0
노원구,가정의학과,기관수,개소,10,10,10,9,9,10,10,10,10,11,11,10,10,11,11,12,12,12,11,9
노원구,예방의학과,기관수,개소,0,0,0,0,,,,,,,,,,,,,,,,
노원구,전문과목미표시전문의,기관수,개소,51,51,51,54,52,53,51,52,54,55,56,56,56,56,58,58,53,53,52,51
노원구,일반의,기관수,개소,19,19,18,16,16,18,20,19,19,18,17,17,17,16,17,17,17,17,19,19
광진구,계,기관수,개소,251,249,248,245,244,244,242,242,243,241,244,244,241,241,243,237,236,229,226,225
광진구,내과,기관수,개소,35,34,34,34,34,34,34,35,35,35,36,36,36,36,37,36,34,32,32,32
광진구,신경과,기관수,개소,1,1,1,1,1,1,1,1,1,1,1,1,1,1,1,1,1,1,1,1
광진구,정신건강의학과,기관수,개소,14,14,14,14,14,14,14,14,14,14,14,14,13,13,13,13,14,14,14,14
광진구,외과,기관수,개소,8,8,8,8,8,8,8,8,8,8,8,8,8,9,9,9,9,9,8,8
광진구,정형외과,기관수,개소,17,16,16,15,15,15,15,15,15,15,16,16,16,15,14,14,12,11,11,11
광진구,신경외과,기관수,개소,1,1,1,1,1,1,1,1,1,1,1,1,1,1,1,0,0,0,0,0
광진구,흉부외과,기관수,개소,0,0,0,0,0,0,0,0,0,0,0,0,0,0,0,0,0,0,0,0
광진구,성형외과,기관수,개소,2,2,2,1,1,1,1,1,1,1,0,0,0,0,0,0,0,0,0,0
광진구,마취통증의학과,기관수,개소,7,7,7,6,6,6,6,6,7,6,6,6,6,6,6,6,6,6,6,6
광진구,산부인과,기관수,개소,15,15,15,14,13,13,13,13,13,13,13,13,13,13,13,14,15,15,15,15
광진구,소아청소년과,기관수,개소,21,21,22,22,22,22,22,21,21,22,22,22,21,21,21,20,20,20,19,19
광진구,안과,기관수,개소,13,13,12,12,12,12,12,12,12,12,12,12,12,12,12,12,12,12,12,12
광진구,이비인후과,기관수,개소,18,18,18,18,18,18,17,17,18,18,18,18,18,18,18,18,18,17,17,17
광진구,피부과,기관수,개소,13,13,13,13,13,14,13,13,12,12,12,12,12,12,12,12,12,11,11,11
광진구,비뇨기과,기관수,개소,6,6,6,7,7,7,7,7,7,6,6,6,5,5,5,4,4,4,4,4
광진구,영상의학과,기관수,개소,1,1,1,1,1,1,1,1,1,1,1,1,1,1,1,1,1,1,1,1
광진구,병리과,기관수,개소,0,0,0,0,0,0,0,0,0,0,0,0,0,0,0,0,0,0,0,0
광진구,진단검사의학과,기관수,개소,0,0,0,0,0,0,0,0,0,0,0,0,0,0,0,0,0,0,0,0
광진구,결핵과,기관수,개소,0,0,0,0,0,0,0,0,0,0,0,0,0,0,0,0,0,0,0,0
광진구,재활의학과,기관수,개소,3,3,3,3,3,3,3,3,3,3,3,3,3,3,3,3,3,3,3,3
광진구,핵의학과,기관수,개소,0,0,0,0,0,0,0,0,0,0,0,0,0,0,0,0,0,0,0,0
광진구,가정의학과,기관수,개소,6,6,6,6,6,6,6,6,6,6,6,6,6,6,6,5,5,5,5,5
광진구,예방의학과,기관수,개소,0,0,0,0,,,,,,,,,,,,,,,,
광진구,전문과목미표시전문의,기관수,개소,54,54,55,56,56,55,54,53,52,50,52,52,52,52,54,52,52,50,49,48
광진구,일반의,기관수,개소,16,16,14,13,13,13,14,15,16,17,17,17,17,17,17,17,18,18,18,18
강북구,계,기관수,개소,207,209,211,215,215,216,217,216,215,215,216,216,217,222,223,221,218,214,214,212
강북구,내과,기관수,개소,34,34,34,34,33,33,33,33,35,35,35,34,32,32,32,31,29,28,28,27
강북구,신경과,기관수,개소,1,1,1,1,1,1,1,1,1,1,1,1,1,1,1,1,1,1,1,1
강북구,정신건강의학과,기관수,개소,8,8,9,9,9,9,9,9,9,9,9,9,9,9,9,9,10,10,10,10
강북구,외과,기관수,개소,10,10,10,10,10,10,10,10,10,10,10,10,10,11,11,11,10,10,10,11
강북구,정형외과,기관수,개소,11,11,11,11,11,11,11,12,13,13,13,12,13,13,13,13,13,13,13,13
강북구,신경외과,기관수,개소,2,2,2,3,3,3,3,3,3,3,3,3,3,3,3,2,2,2,2,2
강북구,흉부외과,기관수,개소,0,0,0,0,0,0,0,0,0,0,0,0,0,0,0,0,0,0,0,0
강북구,성형외과,기관수,개소,3,3,3,4,4,4,4,4,4,4,4,4,4,4,4,4,4,4,4,4
강북구,마취통증의학과,기관수,개소,10,10,10,10,10,10,10,10,10,10,10,10,10,10,10,9,8,8,8,7
강북구,산부인과,기관수,개소,8,9,9,9,9,10,10,10,10,11,12,12,12,13,13,14,15,15,15,15
강북구,소아청소년과,기관수,개소,13,12,12,12,12,12,13,13,13,13,14,14,14,14,13,13,12,12,12,12
강북구,안과,기관수,개소,11,11,12,13,13,12,12,12,12,12,12,13,13,13,13,13,13,13,12,12
강북구,이비인후과,기관수,개소,20,20,19,19,19,19,19,19,18,18,18,18,18,18,18,18,17,17,17,17
강북구,피부과,기관수,개소,4,4,4,4,4,4,4,4,4,4,5,5,5,5,6,6,6,6,6,6
강북구,비뇨기과,기관수,개소,6,6,5,5,5,6,6,6,6,6,6,6,6,6,7,7,6,6,6,6
강북구,영상의학과,기관수,개소,1,1,1,1,1,2,2,2,2,2,2,2,3,3,3,3,3,3,3,3
강북구,병리과,기관수,개소,0,0,0,0,0,0,0,0,0,0,0,0,0,0,0,0,0,0,0,0
강북구,진단검사의학과,기관수,개소,0,0,0,0,0,0,0,0,0,0,0,0,0,0,0,0,0,0,0,0
강북구,결핵과,기관수,개소,0,0,0,0,0,0,0,0,0,0,0,0,0,0,0,0,0,0,0,0
강북구,재활의학과,기관수,개소,2,2,2,2,2,2,2,2,2,2,3,2,2,2,2,2,2,2,2,2
강북구,핵의학과,기관수,개소,0,0,0,0,0,0,0,0,0,0,0,0,0,0,0,0,0,0,0,0
강북구,가정의학과,기관수,개소,1,1,1,1,1,1,1,1,1,1,1,1,3,4,4,4,4,4,4,4
강북구,예방의학과,기관수,개소,0,0,0,0,,,,,,,,,,,,,,,,
강북구,전문과목미표시전문의,기관수,개소,47,49,50,52,54,54,55,53,52,50,49,48,47,48,48,48,50,49,50,51
강북구,일반의,기관수,개소,15,15,16,15,14,13,12,12,10,11,9,12,12,13,13,13,13,11,11,9
금천구,계,기관수,개소,132,131,132,133,135,135,132,130,129,133,131,133,130,129,128,127,128,126,124,125
금천구,내과,기관수,개소,24,23,23,23,23,23,23,23,23,24,24,24,24,24,24,24,24,23,23,23
금천구,신경과,기관수,개소,0,0,0,0,0,0,0,0,0,0,0,0,0,0,0,0,0,0,0,0
금천구,정신건강의학과,기관수,개소,3,3,3,3,3,3,3,3,3,3,3,3,3,3,3,3,3,2,2,2
금천구,외과,기관수,개소,3,3,3,3,3,3,3,3,3,3,3,3,3,3,3,3,3,3,3,3
금천구,정형외과,기관수,개소,17,17,16,16,16,16,16,16,16,16,16,15,15,15,15,15,15,15,15,15
금천구,신경외과,기관수,개소,0,0,0,0,0,0,0,0,0,0,0,0,0,0,0,0,0,0,0,0
금천구,흉부외과,기관수,개소,0,0,0,0,0,0,0,0,0,0,0,0,0,0,0,0,0,0,0,0
금천구,성형외과,기관수,개소,1,1,1,1,1,1,1,1,1,1,0,1,1,1,1,1,1,1,1,1
금천구,마취통증의학과,기관수,개소,4,4,4,3,3,3,3,2,2,2,1,1,1,1,1,1,1,1,1,1
금천구,산부인과,기관수,개소,8,8,8,9,9,9,9,9,9,9,9,9,10,10,10,10,10,10,10,11
금천구,소아청소년과,기관수,개소,9,9,9,9,9,9,9,9,9,9,9,9,8,8,8,8,9,9,8,8
금천구,안과,기관수,개소,7,7,7,7,7,7,5,5,5,5,5,6,6,6,6,6,6,5,5,5
금천구,이비인후과,기관수,개소,11,11,11,12,12,11,10,10,10,10,10,10,10,10,10,10,10,10,10,10
금천구,피부과,기관수,개소,1,1,1,1,2,2,2,2,2,2,2,2,2,2,2,2,2,2,2,2
금천구,비뇨기과,기관수,개소,4,4,4,4,4,4,4,4,4,4,4,4,4,4,4,4,4,4,4,4
금천구,영상의학과,기관수,개소,1,1,1,1,1,1,1,1,1,1,1,2,2,2,2,2,2,2,2,2
금천구,병리과,기관수,개소,0,0,0,0,0,0,0,0,0,0,0,0,0,0,0,0,0,0,0,0
금천구,진단검사의학과,기관수,개소,0,0,0,0,0,0,0,0,0,0,0,0,0,0,0,0,0,0,0,0
금천구,결핵과,기관수,개소,0,0,0,0,0,0,0,0,0,0,0,0,0,0,0,0,0,0,0,0
금천구,재활의학과,기관수,개소,1,1,1,1,1,2,2,2,2,2,2,2,2,2,2,2,2,2,2,2
금천구,핵의학과,기관수,개소,0,0,0,0,0,0,0,0,0,0,0,0,0,0,0,0,0,0,0,0
금천구,가정의학과,기관수,개소,0,0,0,0,0,0,0,0,0,0,0,0,0,0,1,1,1,1,1,1
금천구,예방의학과,기관수,개소,0,0,0,0,,,,,,,,,,,,,,,,
금천구,전문과목미표시전문의,기관수,개소,29,29,29,30,30,30,29,29,30,31,31,31,28,28,27,27,26,26,25,25
금천구,일반의,기관수,개소,9,9,11,10,11,11,12,11,9,11,11,11,11,10,9,8,9,10,10,10
